{
  "note": "cumsv & (excluded) violations are cumulative monotone counters -> integrated by construction; mean-reversion is only well-posed on their increments.",
  "channels": {
    "logpop": {
      "channel": "logpop",
      "n": 29521,
      "AR1_phi_level_median": 0.916666666666668,
      "pct_phi_below_0.9 (mean-revert-ish)": 0.42623894854510347,
      "pct_phi_above_0.98 (unit-root/RW-ish)": 0.04854171606652891,
      "AR1_phi_increments_median": -0.0303030303030303,
      "pct_incr_phi_negative (mean-rev incr)": 0.9369601300768944,
      "VR4_increments_median": 0.9851792279411753,
      "pct_VR4_below_0.8 (mean-revert)": 0.2354692513811241,
      "pct_VR4_above_1.2 (trend/persist)": 0.006880809818386318,
      "Hurst_level_median": 0.9488200290000427,
      "pct_Hurst_above_0.55 (trending)": 0.9458797843130768,
      "pct_Hurst_below_0.45 (mean-revert)": 0.007377022064904562
    },
    "nfac": {
      "channel": "nfac",
      "n": 24507,
      "AR1_phi_level_median": 0.9333333333333338,
      "pct_phi_below_0.9 (mean-revert-ish)": 0.35667360346023586,
      "pct_phi_above_0.98 (unit-root/RW-ish)": 0.06891908434324887,
      "AR1_phi_increments_median": -0.030303030303030346,
      "pct_incr_phi_negative (mean-rev incr)": 0.91961480393357,
      "VR4_increments_median": 0.9851792279411761,
      "pct_VR4_below_0.8 (mean-revert)": 0.27582026830450945,
      "pct_VR4_above_1.2 (trend/persist)": 0.038306125747535155,
      "Hurst_level_median": 0.9570362307864095,
      "pct_Hurst_above_0.55 (trending)": 0.9574511071601746,
      "pct_Hurst_below_0.45 (mean-revert)": 0.00888960724098917
    },
    "cumsv": {
      "channel": "cumsv",
      "n": 50748,
      "AR1_phi_level_median": 0.9553873841495956,
      "pct_phi_below_0.9 (mean-revert-ish)": 0.1639670528887838,
      "pct_phi_above_0.98 (unit-root/RW-ish)": 0.23208796405769686,
      "AR1_phi_increments_median": -0.09677419354838705,
      "pct_incr_phi_negative (mean-rev incr)": 0.8853944983053519,
      "VR4_increments_median": 0.7476806640624997,
      "pct_VR4_below_0.8 (mean-revert)": 0.6673759284433675,
      "pct_VR4_above_1.2 (trend/persist)": 0.04490021080836141,
      "Hurst_level_median": 0.9753159353831558,
      "pct_Hurst_above_0.55 (trending)": 0.9978328112378588,
      "pct_Hurst_below_0.45 (mean-revert)": 0.00023642059223358353
    }
  }
}